Size\Batch,1,4,8,16
256,5.385847,21.543387,43.086774,86.173549
512,26.512851,106.051404,212.102808,424.205615
1024,185.562825,742.251299,1484.502598,2969.005195
