Size\Batch,1,4,8,16
256,4.809359,19.237437,38.474875,76.949750
512,19.237437,76.949750,153.899500,307.798999
1024,76.949750,307.798999,615.597998,1231.195996
