Size\Batch,1,4,8,16
256,1.119868,1.119868,1.119868,1.119868
512,1.378190,1.378190,1.378190,1.378190
1024,2.411481,2.411481,2.411481,2.411481
