Size\Batch,1,4,8,16
256,0.576487,2.305950,4.611899,9.223799
512,7.275414,29.101654,58.203308,116.406616
1024,108.613075,434.452300,868.904600,1737.809199
